{
  "experiments": [
    {
      "tag": "exp1_resnet18_frozen",
      "backbone": "resnet18",
      "mode": "feature_extract",
      "epochs": 15,
      "best_val_acc": 0.750733137829912,
      "test": {
        "accuracy": 0.7712609970674487,
        "top5_accuracy": 0.9325513196480938,
        "precision_macro": 0.7900388576801619,
        "recall_macro": 0.7822157472157473,
        "f1_macro": 0.7664015415824582,
        "precision_weighted": 0.8071709169391816,
        "recall_weighted": 0.7712609970674487,
        "f1_weighted": 0.7706299901273952,
        "n_test": 1023,
        "n_classes": 150
      },
      "description": "ResNet18 (ImageNet) — backbone frozen, classifier head only."
    },
    {
      "tag": "exp2_resnet18_full",
      "backbone": "resnet18",
      "mode": "full_finetune",
      "epochs": 15,
      "best_val_acc": 0.9550342130987293,
      "test": {
        "accuracy": 0.9491691104594331,
        "top5_accuracy": 0.989247311827957,
        "precision_macro": 0.951009953009953,
        "recall_macro": 0.9521605339105338,
        "f1_macro": 0.9477738409140102,
        "precision_weighted": 0.954178625219681,
        "recall_weighted": 0.9491691104594331,
        "f1_weighted": 0.9481298089802728,
        "n_test": 1023,
        "n_classes": 150
      },
      "description": "ResNet18 (ImageNet) — full fine-tuning of all layers."
    },
    {
      "tag": "exp3_resnet50_full",
      "backbone": "resnet50",
      "mode": "full_finetune",
      "epochs": 15,
      "best_val_acc": 0.9560117302052786,
      "test": {
        "accuracy": 0.9638318670576735,
        "top5_accuracy": 0.9951124144672532,
        "precision_macro": 0.962229055258467,
        "recall_macro": 0.9639140674140674,
        "f1_macro": 0.9609230902003051,
        "precision_weighted": 0.9675811172835495,
        "recall_weighted": 0.9638318670576735,
        "f1_weighted": 0.9637755931047471,
        "n_test": 1023,
        "n_classes": 150
      },
      "description": "ResNet50 (ImageNet) — full fine-tuning. Larger capacity."
    },
    {
      "tag": "exp4_resnet18_scratch",
      "backbone": "resnet18",
      "mode": "from_scratch",
      "epochs": 15,
      "best_val_acc": 0.6793743890518084,
      "test": {
        "accuracy": 0.6871945259042033,
        "top5_accuracy": 0.9090909090909091,
        "precision_macro": 0.6949410034410035,
        "recall_macro": 0.692223174973175,
        "f1_macro": 0.669834504115309,
        "precision_weighted": 0.7207677708410847,
        "recall_weighted": 0.6871945259042033,
        "f1_weighted": 0.682375934081081,
        "n_test": 1023,
        "n_classes": 150
      },
      "description": "ResNet18 trained from scratch — no pretrained weights."
    },
    {
      "tag": "exp5_mobilenetv2_full",
      "backbone": "mobilenet_v2",
      "mode": "full_finetune",
      "epochs": 15,
      "best_val_acc": 0.9472140762463344,
      "test": {
        "accuracy": 0.946236559139785,
        "top5_accuracy": 0.9921798631476051,
        "precision_macro": 0.9508763088763089,
        "recall_macro": 0.9499744329744331,
        "f1_macro": 0.9451793508927802,
        "precision_weighted": 0.9556416131929327,
        "recall_weighted": 0.946236559139785,
        "f1_weighted": 0.946217495090226,
        "n_test": 1023,
        "n_classes": 150
      },
      "description": "MobileNetV2 (ImageNet) — full fine-tuning. Lightweight backbone."
    }
  ]
}